{"_wandb":{"runtime":11},"_timestamp":1.7460307638847866e+09,"_runtime":11.1699719,"_step":96,"epoch":1,"iteration":96,"mse loss":0.5322360992431641,"lr":0.00019972481092315732}