{"epoch":19,"iteration":199,"mse loss":0.6399052143096924,"lr":0,"_wandb":{"runtime":15},"_timestamp":1.7460334737820795e+09,"_runtime":14.8729655,"_step":199}