{"_wandb":{"runtime":18},"epoch":19,"_timestamp":1.746033687827007e+09,"mse loss":0.6585428714752197,"_runtime":17.9903237,"lr":0,"_step":200,"signal diff":419.6849365234375,"iteration":199}